{"cameraMode":{"drawMode":0,"name":"Shaded","section":"Shading Mode"},"sceneLighting":true,"audioPlay":false,"sceneViewState":{"m_AlwaysRefresh":false,"showFog":true,"showSkybox":true,"showFlares":true,"showImageEffects":true,"showParticleSystems":true,"showVisualEffectGraphs":true,"m_FxEnabled":true},"in2DMode":false,"pivot":{"x":0.9004215002059937,"y":-0.050073616206645969,"z":-0.4615229666233063},"rotation":{"x":-0.00003810320413322188,"y":0.9997155070304871,"z":-0.023997623473405839,"w":-0.0014995846431702376},"size":6.098106384277344,"orthographic":true}