{"cameraMode":{"drawMode":0,"name":"Shaded","section":"Shading Mode"},"sceneLighting":true,"audioPlay":false,"sceneViewState":{"m_AlwaysRefresh":false,"showFog":true,"showSkybox":true,"showFlares":true,"showImageEffects":true,"showParticleSystems":true,"showVisualEffectGraphs":true,"m_FxEnabled":true},"in2DMode":false,"pivot":{"x":0.7320764660835266,"y":4.6340789794921879,"z":-4.413503646850586},"rotation":{"x":-0.0019397205905988813,"y":-0.9977290034294128,"z":0.058744098991155627,"w":-0.03295968472957611},"size":4.208988189697266,"orthographic":true}