{"cameraMode":{"drawMode":0,"name":"Shaded","section":"Shading Mode"},"sceneLighting":true,"audioPlay":false,"sceneViewState":{"m_AlwaysRefresh":false,"showFog":true,"showSkybox":true,"showFlares":true,"showImageEffects":true,"showParticleSystems":true,"showVisualEffectGraphs":true,"m_FxEnabled":true},"in2DMode":false,"pivot":{"x":0.7320764660835266,"y":4.6340789794921879,"z":-4.413503646850586},"rotation":{"x":0.05216556414961815,"y":0.006902315188199282,"z":0.00036147263017483056,"w":-0.9986164569854736},"size":3.9403116703033449,"orthographic":false}