{"cameraMode":{"drawMode":0,"name":"Shaded","section":"Shading Mode"},"sceneLighting":true,"audioPlay":false,"sceneViewState":{"m_AlwaysRefresh":false,"showFog":true,"showSkybox":true,"showFlares":true,"showImageEffects":true,"showParticleSystems":true,"showVisualEffectGraphs":true,"m_FxEnabled":true},"in2DMode":false,"pivot":{"x":-117.09408569335938,"y":44.62652587890625,"z":123.76800537109375},"rotation":{"x":0.18686676025390626,"y":-0.06571456789970398,"z":0.012511092238128186,"w":0.980106770992279},"size":44.103145599365237,"orthographic":false}