{"cameraMode":{"drawMode":0,"name":"Shaded","section":"Shading Mode"},"sceneLighting":true,"audioPlay":false,"sceneViewState":{"m_AlwaysRefresh":false,"showFog":true,"showSkybox":true,"showFlares":true,"showImageEffects":true,"showParticleSystems":true,"showVisualEffectGraphs":true,"m_FxEnabled":true},"in2DMode":false,"pivot":{"x":6.8381805419921879,"y":12.761014938354493,"z":7.782517910003662},"rotation":{"x":0.06607606261968613,"y":0.6876848936080933,"z":-0.06310927867889404,"w":0.7202192544937134},"size":4.418186187744141,"orthographic":false}