{"cameraMode":{"drawMode":0,"name":"Shaded","section":"Shading Mode"},"sceneLighting":true,"audioPlay":false,"sceneViewState":{"m_AlwaysRefresh":false,"showFog":true,"showSkybox":true,"showFlares":true,"showImageEffects":true,"showParticleSystems":true,"showVisualEffectGraphs":true,"m_FxEnabled":true},"in2DMode":false,"pivot":{"x":10.631385803222657,"y":34.88958740234375,"z":18.821727752685548},"rotation":{"x":-0.14258043467998506,"y":-0.17945930361747743,"z":0.02630620449781418,"w":-0.9730162620544434},"size":30.656627655029298,"orthographic":false}