{"cameraMode":{"drawMode":0,"name":"Shaded","section":"Shading Mode"},"sceneLighting":true,"audioPlay":false,"sceneViewState":{"m_AlwaysRefresh":false,"showFog":true,"showSkybox":true,"showFlares":true,"showImageEffects":true,"showParticleSystems":true,"showVisualEffectGraphs":true,"m_FxEnabled":true},"in2DMode":false,"pivot":{"x":8.951228141784668,"y":-0.37972402572631838,"z":0.003162384033203125},"rotation":{"x":0.058451373130083087,"y":0.02245970070362091,"z":-0.0013152288738638163,"w":0.9980370998382568},"size":353.5244140625,"orthographic":false}