{"cameraMode":{"drawMode":0,"name":"Shaded","section":"Shading Mode"},"sceneLighting":true,"audioPlay":false,"sceneViewState":{"m_AlwaysRefresh":false,"showFog":true,"showSkybox":true,"showFlares":true,"showImageEffects":true,"showParticleSystems":true,"showVisualEffectGraphs":true,"m_FxEnabled":true},"in2DMode":false,"pivot":{"x":24.849021911621095,"y":1.1282190084457398,"z":-0.882411777973175},"rotation":{"x":0.1120988130569458,"y":0.053632766008377078,"z":-0.006059099920094013,"w":0.9922305941581726},"size":22.15534019470215,"orthographic":false}