{"cameraMode":{"drawMode":0,"name":"Shaded","section":"Shading Mode"},"sceneLighting":true,"audioPlay":false,"sceneViewState":{"m_AlwaysRefresh":false,"showFog":true,"showSkybox":true,"showFlares":true,"showImageEffects":true,"showParticleSystems":true,"showVisualEffectGraphs":true,"m_FxEnabled":true},"in2DMode":false,"pivot":{"x":21.619802474975587,"y":0.9554059505462647,"z":-0.4100532531738281},"rotation":{"x":0.058451373130083087,"y":0.02245970070362091,"z":-0.0013152288738638163,"w":0.9980370998382568},"size":17.33623695373535,"orthographic":false}